feature,catboost_importance,lgbm_importance,cb_norm,lgb_norm,combined
geohash_RoadType_demand_mean,3.7804418156112214,5116.995115088539,0.03780441815233177,0.3288319386750182,0.18331817841367498
geohash_timestamp_demand_mean,19.90987422737447,1664.8774895154784,0.1990987422538348,0.10698952807663552,0.15304413516523516
geohash_RoadType_demand_median,3.7879383215126268,3368.0596134409434,0.037879383211338324,0.21644061550792673,0.12715999935963251
mean_demand_by_geohash_timestamp,17.35128212646337,1223.9758335729034,0.1735128212472824,0.07865599579298897,0.1260844085201357
median_demand_by_geohash_timestamp,15.2995940640217,802.3724607864069,0.1529959406249174,0.05156262335327125,0.10227928198909432
geohash_slot_demand_median,1.659451478474833,1184.320007462483,0.01659451478308888,0.07610760520703796,0.04635105999506342
geohash_slot_demand_mean,2.987109167446025,881.4775593658944,0.029871091671473136,0.056646130829811264,0.043258611250642204
geohash_timestamp_demand_median,3.2809973369560756,795.1889730867917,0.032809973366279756,0.05110099301484328,0.04195548319056151
day,7.987759332841803,13.143876649385401,0.07987759332043026,0.0008446610448343019,0.04036112718263228
geohash_hour_demand_mean,3.2198015717244766,66.55920610529182,0.03219801571402496,0.004277274511311413,0.018237645112668188
geohash_timestamp_demand_std,3.2365518645275104,41.3528195008643,0.03236551864203855,0.002657443968639008,0.017511481305338777
RoadType_count,3.256032540228209,32.932002528538035,0.032560325399026056,0.0021162995063211797,0.01733831245267362
RoadType_target_enc,1.8432851720183696,245.05262298772982,0.018432851718340408,0.015747743994682168,0.01709029785651129
geohash_slot_demand_std,2.574248795900959,21.511128281001294,0.02574248795643534,0.0013823632535569217,0.01356242560499613
RoadType_x_NumberofLanes_count,2.276068977726536,3.7361835461006594,0.022760689774989292,0.00024009725455614904,0.01150039351477272
geohash_hour_demand_median,1.1619756131017713,18.37598848483982,0.011619756129855737,0.0011808906951507093,0.006400323412503224
geohash_hour_demand_std,0.5400996641999269,7.123640240490919,0.0054009966414591696,0.0004577843789212744,0.002929390510190222
slot,0.47070320715305,1.695241152272331,0.004707032071059796,0.00010894077912633239,0.002407986425093064
RoadType_x_NumberofLanes_freq,0.20126783838413673,33.23368662118255,0.0020126783836400992,0.0021356865416457178,0.0020741824626429083
longitude,0.3855041679968264,0.6438414166583492,0.0038550416795827594,4.1374989906624486e-05,0.001948208334744692
lat_x_lon,0.37951264831345993,1.1705057614472747,0.0037951264827550866,7.521986441457173e-05,0.0019351731735848291
RoadType_freq,0.2603544371832031,12.974384010878476,0.0026035443715716764,0.0008337689897008054,0.0017186566806362408
timestamp_count,0.29032218124703496,0.922322799634907,0.0029032218121800273,5.927095638489173e-05,0.0014812463842824595
geohash_RoadType_demand_count,0.2505914820620966,2.087653579667937,0.002505914820370374,0.0001341582625044525,0.0013200365414374133
geohash_demand_mean,0.24993054185065655,0.12790847746698547,0.002499305418256635,8.219744532179595e-06,0.0012537625813944073
LargeVehicles_target_enc,0.21504320207132793,0.7777739566905696,0.002150432020498236,4.998185698386665e-05,0.0011002069387410513
Temperature_x_hour,0.1984072746962638,0.7659793829796131,0.0019840727467642307,4.922390579337541e-05,0.001016648326278803
Temperature,0.17928176922371034,1.7788373599722747,0.0017928176920578214,0.0001143128974155984,0.0009535652947367098
timestamp_demand_std,0.16121875798252255,0.411296714689663,0.0016121875796640066,2.643103872881605e-05,0.0008193093091964114
geohash_RoadType_demand_std,0.14221809300421376,1.671879316970768,0.0014221809298999193,0.00010743948443668787,0.0007648102071683036
latitude,0.1451533451899003,0.5555098500285389,0.0014515334517538497,3.56985646516085e-05,0.0007436160082027291
NumberofLanes,0.13355377912428623,1.186843061385673,0.0013355377911093084,7.626974347261844e-05,0.0007059037672909634
geohash_Weather_demand_std,0.12354083336904668,1.1738822890121978,0.001235408333566926,7.543684920353299e-05,0.0006554225913852294
geohash_Weather_demand_median,0.12630377359582998,0.6990344488981757,0.0012630377358319959,4.492184335959303e-05,0.0006539797895957944
geohash_Weather_demand_count,0.12381686784257603,0.7678659367302079,0.0012381686783019435,4.934514083723806e-05,0.0006437569095695908
geohash_demand_median,0.12566578518170518,0.3418296744351174,0.0012566578516913858,2.1966898934435478e-05,0.0006393123753129107
geohash_demand_std,0.11843049503331549,0.21372771376257932,0.0011843049502147244,1.3734720648431237e-05,0.0005990198354315778
Weather_target_enc,0.11301259187395626,0.4346072301244256,0.0011301259186265499,2.7929035465088934e-05,0.0005790274770458194
timestamp_demand_median,0.10687966949142047,0.13381680852404587,0.0010687966948073249,8.599429857674258e-06,0.0005386980623324995
geohash_Weather_demand_mean,0.09908736401562093,0.5093750466123456,0.0009908736400571219,3.273381746961412e-05,0.000511803728763368
geohash_slot_demand_count,0.09892734239341215,0.27490849655587224,0.000989273423835194,1.766636313842521e-05,0.0005034698934868097
Landmarks_target_enc,0.09743002585573576,0.4630172443196795,0.0009743002584599275,2.9754739776993184e-05,0.0005020274991184604
hour,0.08265187028589148,0.5870190508169116,0.0008265187027762629,3.7723431071900504e-05,0.0004321210669240817
geohash_target_enc,0.0765415634811186,0.7195721045628103,0.0007654156347346444,4.624164863127051e-05,0.0004058286416829574
Weather_x_hour_freq,0.07033819387146975,0.46307664521677855,0.0007033819386443593,2.975855703921697e-05,0.00036657024784178814
geohash_hour_demand_count,0.05399244032578139,1.5219037023558826,0.0005399244032038215,9.78016460181267e-05,0.0003188630246109741
timestamp_demand_mean,0.061951630857367865,0.18289562898652276,0.000619516308511727,1.1753367533512782e-05,0.0003156348380226199
sin_minute,0.06275570733893224,0.005972973355528666,0.0006275570733265667,3.838394143393149e-07,0.000313970456370453
mean_demand_by_geohash,0.059256219963830035,0.08994708408675364,0.0005925621995790441,5.780242773966436e-06,0.00029917122117650526
timestamp_freq,0.05259329345347171,0.8989027284882425,0.0005259329344821237,5.7765919302414215e-05,0.000291849426892269
timestamp_demand_count,0.050235689490619975,1.1117673614676316,0.000502356894855964,7.1445176046584e-05,0.00028690103545127397
sin_hour,0.056030569000721085,0.11048510508812655,0.0005603056899511803,7.10007152317032e-06,0.0002837028807371753
mean_demand_by_timestamp,0.05237961141967381,0.18749963507900996,0.0005237961141443584,1.2049233410851608e-05,0.000267922673777605
Weather_x_hour_count,0.046998094907748214,0.45997911625589155,0.000469980949030484,2.9559501454757444e-05,0.00024977022524262074
cos_hour,0.04620782211672829,0.17054255662893852,0.00046207822112107505,1.0959525710220966e-05,0.000236518873415648
minute,0.044470480473603205,0.006378015370740453,0.0004447048046915615,4.0986850917159e-07,0.00022255733660036655
geohash_timestamp_demand_count,0.039216404459525844,0.21037584085088384,0.000392164044556042,1.3519320234134371e-05,0.00020284168239508818
cos_minute,0.037566795917681875,0.0215457181898266,0.0003756679591392519,1.3845860946036285e-06,0.00018852627261692776
LargeVehicles_freq,0.03024661694895761,0.9279871708306018,0.0003024661694593295,5.963496419020757e-05,0.00018105056682476853
geohash_demand_count,0.02802744214425331,0.4664190548479496,0.0002802744214145056,2.9973349317525605e-05,0.00015512388536601562
geohash_count,0.018807025968585515,0.32298611176438324,0.00018807025966704812,2.075596065812358e-05,0.00010441311016258585
Temperature_x_rush,0.01867633171503858,0.02696959517893882,0.00018676331713170946,1.7331390920855759e-06,9.424822811189752e-05
geohash_freq,0.014989565791698231,0.3381149531100401,0.00014989565790199275,2.17281809002203e-05,8.581191940110653e-05
LargeVehicles_count,0.011138491437332233,0.18558291742810978,0.00011138491436218383,1.1926059953214406e-05,6.165548715769911e-05
Landmarks_freq,0.009683647623621524,0.025238287527463397,9.683647622653159e-05,1.621880582223249e-06,4.922917840437742e-05
Weather_freq,0.009167160995049837,0.0009317054064013064,9.167160994133119e-05,5.987390805934668e-08,4.5865741924695266e-05
Weather_count,0.008527533729789687,0.00022102000657469033,8.527533728936934e-05,1.4203343097516938e-08,4.264477031623343e-05
Landmarks_count,0.008065213429734902,0.013085797921758058,8.06521342892838e-05,8.409287487949403e-07,4.0746531519039366e-05
is_rush_hour,0.000815038586612521,0.0,8.15038586531017e-06,0.0,4.075192932655085e-06
day_of_week,0.0,0.0,0.0,0.0,0.0
sin_dow,0.0,0.0,0.0,0.0,0.0
cos_dow,0.0,0.0,0.0,0.0,0.0
geohash_len,0.0,0.0,0.0,0.0,0.0
